"Time","Salon","2ème étage","Chambre 3","Chambre 2"
2020-12-17 19:30:00,1044,862,842,1085
2020-12-17 20:00:00,1054,882,874,1176
2020-12-17 20:30:00,1008,889,969,1334
2020-12-17 21:00:00,987,895,1034,1449
2020-12-17 21:30:00,952,942,1085,1552
2020-12-17 22:00:00,900,1139,1131,1613
2020-12-17 22:30:00,837,1231,1188,1633
2020-12-17 23:00:00,790,1147,1233,1706
2020-12-17 23:30:00,758,1059,1282,1764
2020-12-18 00:00:00,756,997,1329,1829
2020-12-18 00:30:00,718,949,1350,1880
2020-12-18 01:00:00,707,899,1381,1931
2020-12-18 01:30:00,685,881,1412,1955
2020-12-18 02:00:00,663,867,1442,2018
2020-12-18 02:30:00,641,834,1465,2050
2020-12-18 03:00:00,626,825,1482,2057
2020-12-18 03:30:00,612,833,1496,2054
2020-12-18 04:00:00,591,828,1519,2069
2020-12-18 04:30:00,582,823,1542,2100
2020-12-18 05:00:00,564,839,1565,2122
2020-12-18 05:30:00,555,839,1567,2146
2020-12-18 06:00:00,543,827,1601,2177
2020-12-18 06:30:00,544,835,1622,2201
2020-12-18 07:00:00,538,801,1629,2254
2020-12-18 07:30:00,670,762,830,1086
2020-12-18 08:00:00,755,537,504,512
2020-12-18 08:30:00,650,478,573,519
2020-12-18 09:00:00,670,500,568,528
2020-12-18 09:30:00,720,519,581,517
2020-12-18 10:00:00,687,544,598,516
2020-12-18 10:30:00,659,552,591,514
2020-12-18 11:00:00,631,552,561,506
2020-12-18 11:30:00,650,546,551,509
2020-12-18 12:00:00,764,547,583,496
2020-12-18 12:30:00,818,617,691,494
2020-12-18 13:00:00,838,760,811,490
2020-12-18 13:30:00,876,840,888,510
2020-12-18 14:00:00,884,877,965,535
2020-12-18 14:30:00,860,923,1008,543
2020-12-18 15:00:00,919,858,1090,542
2020-12-18 15:30:00,956,836,1054,588
2020-12-18 16:00:00,825,828,894,597
2020-12-18 16:30:00,641,785,769,593
2020-12-18 17:00:00,845,715,735,589
2020-12-18 17:30:00,857,736,785,595
2020-12-18 18:00:00,802,749,783,598
2020-12-18 18:30:00,893,742,812,573
2020-12-18 19:00:00,925,,880,579
2020-12-18 19:30:00,1042,803,988,740
2020-12-18 20:00:00,1091,899,1005,
2020-12-18 20:30:00,1075,912,1100,747
2020-12-18 21:00:00,1013,983,1181,747
2020-12-18 21:30:00,940,1093,1238,747
2020-12-18 22:00:00,881,1129,1279,
2020-12-18 22:30:00,818,1098,1333,
2020-12-18 23:00:00,761,1055,1368,747
2020-12-18 23:30:00,734,1006,1409,
2020-12-19 00:00:00,717,983,1439,1371
2020-12-19 00:30:00,693,953,1467,1683
2020-12-19 01:00:00,662,922,1508,1756
2020-12-19 01:30:00,630,905,1534,1749
2020-12-19 02:00:00,609,882,1541,1744
2020-12-19 02:30:00,575,856,1565,1846
2020-12-19 03:00:00,574,873,1583,1914
2020-12-19 03:30:00,556,855,1602,1909
2020-12-19 04:00:00,554,841,1609,
2020-12-19 04:30:00,550,833,1615,1955
2020-12-19 05:00:00,533,825,1632,1999
2020-12-19 05:30:00,512,817,1644,
2020-12-19 06:00:00,511,814,1658,
2020-12-19 06:30:00,515,810,1703,2136
2020-12-19 07:00:00,506,827,1703,2278
2020-12-19 07:30:00,528,810,1734,2290
2020-12-19 08:00:00,593,772,1746,2290
2020-12-19 08:30:00,650,920,1757,583
2020-12-19 09:00:00,683,875,976,439
2020-12-19 09:30:00,712,681,515,560
2020-12-19 10:00:00,766,,656,655
2020-12-19 10:30:00,721,,682,633
2020-12-19 11:00:00,655,,640,631
2020-12-19 11:30:00,620,,617,615
2020-12-19 12:00:00,594,,569,595
2020-12-19 12:30:00,573,,552,595
2020-12-19 13:00:00,640,681,568,601
2020-12-19 13:30:00,661,631,644,655
2020-12-19 14:00:00,682,668,750,868
2020-12-19 14:30:00,686,,858,1099
2020-12-19 15:00:00,679,596,923,1224
2020-12-19 15:30:00,520,601,975,1253
2020-12-19 16:00:00,573,603,905,989
2020-12-19 16:30:00,827,,730,817
2020-12-19 17:00:00,1054,603,805,784
2020-12-19 17:30:00,1131,871,896,833
2020-12-19 18:00:00,1194,882,923,915
2020-12-19 18:30:00,1253,882,956,993
2020-12-19 19:00:00,1326,882,986,1031
2020-12-19 19:30:00,1420,1144,1040,1115
2020-12-19 20:00:00,1309,1199,1115,1313
2020-12-19 20:30:00,1130,1227,1189,1503
2020-12-19 21:00:00,1081,1090,1249,1617
2020-12-19 21:30:00,997,1090,1299,1714
2020-12-19 22:00:00,942,1219,1339,1799
2020-12-19 22:30:00,895,1393,1421,1842
2020-12-19 23:00:00,875,1320,1474,1876
2020-12-19 23:30:00,867,1186,1518,1900
2020-12-20 00:00:00,860,1119,1535,1932
2020-12-20 00:30:00,850,1119,1561,1983
2020-12-20 01:00:00,833,1022,1595,2006
2020-12-20 01:30:00,801,1015,1608,2023
2020-12-20 02:00:00,762,981,1612,2056
2020-12-20 02:30:00,743,947,1648,2071
2020-12-20 03:00:00,718,928,1654,2080
2020-12-20 03:30:00,696,906,1649,2090
2020-12-20 04:00:00,672,906,1655,2104
2020-12-20 04:30:00,657,891,1669,2152
2020-12-20 05:00:00,628,873,1691,2132
2020-12-20 05:30:00,619,877,1701,2191
2020-12-20 06:00:00,604,879,1719,2189
2020-12-20 06:30:00,596,907,1733,2180
2020-12-20 07:00:00,592,942,1736,2060
2020-12-20 07:30:00,627,958,1656,1974
2020-12-20 08:00:00,741,942,1296,1158
2020-12-20 08:30:00,796,661,707,460
2020-12-20 09:00:00,900,686,751,544
2020-12-20 09:30:00,1045,729,823,640
2020-12-20 10:00:00,1160,799,872,673
2020-12-20 10:30:00,1158,933,967,1067
2020-12-20 11:00:00,1189,965,1019,1112
2020-12-20 11:30:00,1222,989,1075,1118
2020-12-20 12:00:00,1209,955,1033,1165
2020-12-20 12:30:00,1190,1100,1061,1178
2020-12-20 13:00:00,1169,1147,1086,1255
2020-12-20 13:30:00,1135,1177,1152,1344
2020-12-20 14:00:00,1126,1135,1233,1283
2020-12-20 14:30:00,1025,1149,1279,1315
2020-12-20 15:00:00,1092,1114,1194,1226
2020-12-20 15:30:00,1199,1101,1138,1219
2020-12-20 16:00:00,1195,1107,1132,1227
2020-12-20 16:30:00,1332,1158,1129,1209
2020-12-20 17:00:00,1379,1186,1138,1206
2020-12-20 17:30:00,1366,1236,1147,1211
2020-12-20 18:00:00,1389,1263,1176,1251
2020-12-20 18:30:00,1355,1298,1229,1386
2020-12-20 19:00:00,1361,1179,1222,1347
2020-12-20 19:30:00,1342,1220,1215,1367
2020-12-20 20:00:00,1312,1280,1331,1582
2020-12-20 20:30:00,1293,1281,1417,1697
2020-12-20 21:00:00,1201,,1468,1775
2020-12-20 21:30:00,1127,1281,1494,1846
2020-12-20 22:00:00,1066,1297,1534,1862
2020-12-20 22:30:00,1017,1252,1554,1900
2020-12-20 23:00:00,963,1202,1582,1971
2020-12-20 23:30:00,913,1132,1609,1993
2020-12-21 00:00:00,876,1081,1640,2064
2020-12-21 00:30:00,833,1047,1670,2050
2020-12-21 01:00:00,798,1011,1693,2096
2020-12-21 01:30:00,764,978,1692,2166
2020-12-21 02:00:00,759,982,1710,2112
2020-12-21 02:30:00,751,990,1718,2049
2020-12-21 03:00:00,729,978,1721,2061
2020-12-21 03:30:00,692,957,1732,2097
2020-12-21 04:00:00,670,911,1736,2133
2020-12-21 04:30:00,653,898,1755,2115
2020-12-21 05:00:00,642,895,1754,2135
2020-12-21 05:30:00,627,894,1773,2202
2020-12-21 06:00:00,622,889,1781,2203
2020-12-21 06:30:00,635,827,1803,2203
2020-12-21 07:00:00,610,808,1819,2314
2020-12-21 07:30:00,595,812,1835,2314
2020-12-21 08:00:00,617,812,1855,2093
2020-12-21 08:30:00,738,1104,1641,1381
2020-12-21 09:00:00,935,1088,1111,1221
2020-12-21 09:30:00,1039,1072,1019,1129
2020-12-21 10:00:00,1100,,1080,1072
2020-12-21 10:30:00,1138,1029,1109,1136
2020-12-21 11:00:00,1160,1035,1076,1193
2020-12-21 11:30:00,1131,1037,1058,1147
2020-12-21 12:00:00,1114,961,1051,1079
2020-12-21 12:30:00,1031,953,1132,1056
2020-12-21 13:00:00,1032,1014,1178,1159
2020-12-21 13:30:00,1036,1066,1244,1266
2020-12-21 14:00:00,1115,1079,1317,1220
2020-12-21 14:30:00,1124,1083,1362,1148
2020-12-21 15:00:00,1094,1055,1360,1085
2020-12-21 15:30:00,1129,1050,1161,1113
2020-12-21 16:00:00,1119,1061,1076,1148
2020-12-21 16:30:00,1048,1089,1066,1155
2020-12-21 17:00:00,983,1044,1003,1078
2020-12-21 17:30:00,970,1072,936,1007
2020-12-21 18:00:00,1033,1146,959,998
2020-12-21 18:30:00,1135,1030,1000,984
2020-12-21 19:00:00,1146,1002,1024,1028
2020-12-21 19:30:00,1150,1008,1059,1080
2020-12-21 20:00:00,1120,,1142,1189
2020-12-21 20:30:00,1086,1004,1235,1331
2020-12-21 21:00:00,1044,1067,1289,1420
2020-12-21 21:30:00,966,1067,1342,1515
2020-12-21 22:00:00,880,1133,1370,1574
2020-12-21 22:30:00,806,1081,1400,1626
2020-12-21 23:00:00,750,1029,1425,1654
2020-12-21 23:30:00,691,943,1437,1661
2020-12-22 00:00:00,674,915,1454,1674
2020-12-22 00:30:00,650,886,1473,1691
2020-12-22 01:00:00,602,853,1477,1734
2020-12-22 01:30:00,576,812,1478,1748
2020-12-22 02:00:00,575,800,1494,1791
2020-12-22 02:30:00,550,775,1514,1820
2020-12-22 03:00:00,553,782,1533,1825
2020-12-22 03:30:00,559,801,1550,1912
2020-12-22 04:00:00,552,821,1570,1951
2020-12-22 04:30:00,538,824,1589,1950
2020-12-22 05:00:00,540,816,1611,1985
2020-12-22 05:30:00,536,812,1625,2024
2020-12-22 06:00:00,537,804,1638,2068
2020-12-22 06:30:00,547,788,1666,2103
2020-12-22 07:00:00,564,795,1689,2163
2020-12-22 07:30:00,565,791,1677,2095
2020-12-22 08:00:00,690,929,1352,1682
2020-12-22 08:30:00,896,1015,1028,1292
2020-12-22 09:00:00,884,968,958,1050
2020-12-22 09:30:00,828,910,885,956
2020-12-22 10:00:00,762,843,799,850
2020-12-22 10:30:00,713,747,729,770
2020-12-22 11:00:00,658,674,671,699
2020-12-22 11:30:00,637,651,632,652
2020-12-22 12:00:00,623,610,593,611
2020-12-22 12:30:00,624,578,566,584
2020-12-22 13:00:00,645,556,558,560
2020-12-22 13:30:00,660,536,565,563
2020-12-22 14:00:00,580,540,562,553
2020-12-22 14:30:00,407,522,461,451
2020-12-22 15:00:00,415,451,383,377
2020-12-22 15:30:00,479,415,371,368
2020-12-22 16:00:00,546,390,402,383
2020-12-22 16:30:00,597,412,440,408
2020-12-22 17:00:00,620,449,469,432
2020-12-22 17:30:00,701,452,488,458
2020-12-22 18:00:00,824,498,570,500
2020-12-22 18:30:00,850,559,663,612
2020-12-22 19:00:00,697,632,691,674
2020-12-22 19:30:00,800,697,745,747
2020-12-22 20:00:00,825,750,849,1003
2020-12-22 20:30:00,832,736,951,1132
2020-12-22 21:00:00,873,734,1030,1261
2020-12-22 21:30:00,883,725,1099,1339
2020-12-22 22:00:00,902,764,1147,1396
2020-12-22 22:30:00,849,929,1190,1498
2020-12-22 23:00:00,801,1008,1238,1547
2020-12-22 23:30:00,777,1054,1266,
2020-12-23 00:00:00,760,1036,1301,1569
2020-12-23 00:30:00,736,983,1328,1760
2020-12-23 01:00:00,699,966,1374,1816
2020-12-23 01:30:00,682,952,1411,1864
2020-12-23 02:00:00,660,940,1432,1937
2020-12-23 02:30:00,640,944,1458,1973
2020-12-23 03:00:00,626,925,1492,2025
2020-12-23 03:30:00,616,910,1502,2039
2020-12-23 04:00:00,614,921,1522,2059
2020-12-23 04:30:00,604,892,1545,2056
2020-12-23 05:00:00,601,876,1563,2112
2020-12-23 05:30:00,571,887,1602,2168
2020-12-23 06:00:00,586,870,1609,2197
2020-12-23 06:30:00,572,859,1637,2216
2020-12-23 07:00:00,571,855,1676,2268
2020-12-23 07:30:00,555,848,1701,2355
2020-12-23 08:00:00,614,848,949,1682
2020-12-23 08:30:00,668,419,337,460
2020-12-23 09:00:00,659,456,412,413
2020-12-23 09:30:00,807,597,564,649
2020-12-23 10:00:00,912,662,731,729
2020-12-23 10:30:00,833,693,798,743
2020-12-23 11:00:00,806,,745,
2020-12-23 11:30:00,773,,695,
2020-12-23 12:00:00,710,,653,
2020-12-23 12:30:00,716,621,647,743
2020-12-23 13:00:00,764,646,692,795
2020-12-23 13:30:00,535,686,831,925
2020-12-23 14:00:00,588,647,903,914
2020-12-23 14:30:00,784,610,993,816
2020-12-23 15:00:00,826,642,1020,735
2020-12-23 15:30:00,886,686,901,770
2020-12-23 16:00:00,1147,777,839,866
2020-12-23 16:30:00,1292,855,884,999
2020-12-23 17:00:00,1421,855,967,1127
2020-12-23 17:30:00,1501,1254,1091,1216
2020-12-23 18:00:00,1485,1254,1167,1271
2020-12-23 18:30:00,1499,1254,1215,1329
2020-12-23 19:00:00,1487,1348,1242,1466
2020-12-23 19:30:00,1523,1309,1286,1474
2020-12-23 20:00:00,1532,,1387,1559
2020-12-23 20:30:00,1528,1313,1468,1538
2020-12-23 21:00:00,1523,1413,1496,1557
2020-12-23 21:30:00,1452,1477,1530,1648
2020-12-23 22:00:00,1334,1504,1561,1754
2020-12-23 22:30:00,1233,1522,1613,1862
2020-12-23 23:00:00,1174,1514,1665,1935
2020-12-23 23:30:00,1131,1462,1695,2001
2020-12-24 00:00:00,1123,1415,1713,2035
2020-12-24 00:30:00,1079,1333,1732,2089
2020-12-24 01:00:00,1028,1292,1764,2128
2020-12-24 01:30:00,1007,1212,1768,2181
2020-12-24 02:00:00,958,1160,1778,2253
2020-12-24 02:30:00,915,1117,1762,2254
2020-12-24 03:00:00,903,1072,1780,2290
2020-12-24 03:30:00,874,1068,1786,2338
2020-12-24 04:00:00,826,,1811,2338
2020-12-24 04:30:00,780,1068,1805,2365
2020-12-24 05:00:00,757,1068,1808,2385
2020-12-24 05:30:00,727,,1830,2432
2020-12-24 06:00:00,688,,1828,2424
2020-12-24 06:30:00,657,1118,1818,2466
2020-12-24 07:00:00,673,1026,1863,2505
2020-12-24 07:30:00,668,971,1874,2580
2020-12-24 08:00:00,754,978,1054,2601
2020-12-24 08:30:00,818,711,410,425
2020-12-24 09:00:00,890,555,657,765
2020-12-24 09:30:00,961,750,741,877
2020-12-24 10:00:00,1058,829,862,1063
2020-12-24 10:30:00,1151,870,957,1092
2020-12-24 11:00:00,1120,897,988,1045
2020-12-24 11:30:00,1242,1022,987,1060
2020-12-24 12:00:00,1262,1025,952,1046
2020-12-24 12:30:00,1227,959,930,984
2020-12-24 13:00:00,1198,1015,989,1016
2020-12-24 13:30:00,1109,1025,1059,1199
2020-12-24 14:00:00,1022,1034,1116,1229
2020-12-24 14:30:00,944,1037,1158,1105
2020-12-24 15:00:00,899,961,1208,1015
2020-12-24 15:30:00,626,856,1246,926
2020-12-24 16:00:00,741,774,1015,793
2020-12-24 16:30:00,822,794,765,778
2020-12-24 17:00:00,847,918,775,748
2020-12-24 17:30:00,946,870,799,765
2020-12-24 18:00:00,1005,837,844,795
2020-12-24 18:30:00,1111,837,890,767
2020-12-24 19:00:00,1130,872,934,740
2020-12-24 19:30:00,1132,889,949,718
2020-12-24 20:00:00,1152,,988,716
2020-12-24 20:30:00,,,,
2020-12-24 21:00:00,1150,991,1218,944
2020-12-24 21:30:00,1184,1005,1243,997
2020-12-24 22:00:00,1150,1057,1259,1193
2020-12-24 22:30:00,1068,1159,1266,1295
2020-12-24 23:00:00,975,1276,1309,1393
2020-12-24 23:30:00,889,1222,1354,1500
2020-12-25 00:00:00,832,1169,1377,1565
2020-12-25 00:30:00,777,1156,1408,1658
2020-12-25 01:00:00,719,1091,1437,1666
2020-12-25 01:30:00,727,1022,1492,1715
2020-12-25 02:00:00,716,946,1540,1785
2020-12-25 02:30:00,705,897,1575,1841
2020-12-25 03:00:00,681,869,1607,1871
2020-12-25 03:30:00,662,844,1625,1888
2020-12-25 04:00:00,657,820,1665,1894
2020-12-25 04:30:00,663,821,1660,1912
2020-12-25 05:00:00,629,819,1682,1937
2020-12-25 05:30:00,604,801,1696,1970
2020-12-25 06:00:00,593,800,1729,2008
2020-12-25 06:30:00,581,797,1737,2043
2020-12-25 07:00:00,573,804,1767,2056
2020-12-25 07:30:00,559,791,1786,2084
2020-12-25 08:00:00,593,743,1658,1714
2020-12-25 08:30:00,729,486,880,905
2020-12-25 09:00:00,695,441,486,378
2020-12-25 09:30:00,700,488,492,401
2020-12-25 10:00:00,703,638,612,510
2020-12-25 10:30:00,803,775,706,634
2020-12-25 11:00:00,938,775,789,634
2020-12-25 11:30:00,822,790,840,631
2020-12-25 12:00:00,744,770,751,637
2020-12-25 12:30:00,714,694,676,635
2020-12-25 13:00:00,671,621,623,626
2020-12-25 13:30:00,625,572,559,609
2020-12-25 14:00:00,592,531,524,600
2020-12-25 14:30:00,561,499,485,577
2020-12-25 15:00:00,528,475,460,559
2020-12-25 15:30:00,508,452,445,541
2020-12-25 16:00:00,487,436,420,528
2020-12-25 16:30:00,578,436,433,517
2020-12-25 17:00:00,766,465,523,510
2020-12-25 17:30:00,864,526,617,508
2020-12-25 18:00:00,947,632,702,490
2020-12-25 18:30:00,1028,689,728,592
2020-12-25 19:00:00,1023,745,736,760
2020-12-25 19:30:00,991,743,740,835
2020-12-25 20:00:00,951,719,821,858
2020-12-25 20:30:00,923,725,885,881
2020-12-25 21:00:00,861,700,927,959
2020-12-25 21:30:00,811,713,963,1102
2020-12-25 22:00:00,743,758,985,1184
2020-12-25 22:30:00,684,729,1017,1288
2020-12-25 23:00:00,659,695,1032,1288
2020-12-25 23:30:00,623,666,1043,1288
2020-12-26 00:00:00,605,635,1053,
2020-12-26 00:30:00,599,611,1065,1288
2020-12-26 01:00:00,573,589,1084,1288
2020-12-26 01:30:00,571,572,1097,1288
2020-12-26 02:00:00,552,570,1115,
2020-12-26 02:30:00,556,575,1117,1395
2020-12-26 03:00:00,547,548,1102,1517
2020-12-26 03:30:00,526,537,1112,1522
2020-12-26 04:00:00,538,539,1120,1548
2020-12-26 04:30:00,538,549,1137,1561
2020-12-26 05:00:00,535,553,1146,1585
2020-12-26 05:30:00,518,553,1144,1611
2020-12-26 06:00:00,531,545,1157,1611
2020-12-26 06:30:00,542,545,1166,1638
2020-12-26 07:00:00,538,556,1177,1698
2020-12-26 07:30:00,553,608,1128,1396
2020-12-26 08:00:00,671,670,747,737
2020-12-26 08:30:00,814,521,439,402
2020-12-26 09:00:00,833,579,501,316
2020-12-26 09:30:00,897,650,642,348
2020-12-26 10:00:00,941,740,702,508
2020-12-26 10:30:00,974,809,747,631
2020-12-26 11:00:00,901,782,765,722
2020-12-26 11:30:00,806,727,703,703
2020-12-26 12:00:00,731,657,662,680
2020-12-26 12:30:00,674,615,622,659
2020-12-26 13:00:00,644,572,576,601
2020-12-26 13:30:00,604,521,533,541
2020-12-26 14:00:00,577,512,507,509
2020-12-26 14:30:00,546,487,477,486
2020-12-26 15:00:00,526,464,459,454
2020-12-26 15:30:00,517,450,442,437
2020-12-26 16:00:00,501,438,418,418
2020-12-26 16:30:00,488,431,406,405
2020-12-26 17:00:00,582,439,428,409
2020-12-26 17:30:00,708,470,514,472
2020-12-26 18:00:00,798,550,632,554
2020-12-26 18:30:00,818,656,718,648
2020-12-26 19:00:00,908,760,789,685
2020-12-26 19:30:00,1032,820,862,751
2020-12-26 20:00:00,1032,875,924,981
2020-12-26 20:30:00,1026,883,989,1109
2020-12-26 21:00:00,1011,873,1036,1179
2020-12-26 21:30:00,958,1006,1056,1244
2020-12-26 22:00:00,887,1038,1077,1309
2020-12-26 22:30:00,829,974,1100,1321
2020-12-26 23:00:00,767,950,1118,1367
2020-12-26 23:30:00,722,903,1124,1429
2020-12-27 00:00:00,698,855,1123,1452
2020-12-27 00:30:00,671,811,1134,1458
2020-12-27 01:00:00,635,765,1143,1508
2020-12-27 01:30:00,606,747,1141,1528
2020-12-27 02:00:00,584,728,1139,1542
2020-12-27 02:30:00,567,709,1136,1552
2020-12-27 03:00:00,562,702,1139,1562
2020-12-27 03:30:00,555,686,1146,1589
2020-12-27 04:00:00,538,671,1141,1578
2020-12-27 04:30:00,543,679,1124,1572
2020-12-27 05:00:00,523,695,1116,1570
2020-12-27 05:30:00,512,664,1113,1592
2020-12-27 06:00:00,517,669,1097,1588
2020-12-27 06:30:00,508,674,1111,1590
2020-12-27 07:00:00,514,655,1117,1617
2020-12-27 07:30:00,506,656,1125,1657
2020-12-27 08:00:00,608,636,926,1442
2020-12-27 08:30:00,701,557,603,468
2020-12-27 09:00:00,789,583,570,519
2020-12-27 09:30:00,828,572,596,666
2020-12-27 10:00:00,856,618,696,728
2020-12-27 10:30:00,795,660,751,682
2020-12-27 11:00:00,736,636,700,623
2020-12-27 11:30:00,743,600,658,544
2020-12-27 12:00:00,781,578,657,520
2020-12-27 12:30:00,818,587,684,476
2020-12-27 13:00:00,780,680,744,548
2020-12-27 13:30:00,795,793,803,743
2020-12-27 14:00:00,833,813,857,879
2020-12-27 14:30:00,922,831,910,858
2020-12-27 15:00:00,957,810,963,825
2020-12-27 15:30:00,1011,802,998,850
2020-12-27 16:00:00,1107,840,938,901
2020-12-27 16:30:00,1160,898,968,963
2020-12-27 17:00:00,1137,993,1034,957
2020-12-27 17:30:00,1159,990,1025,926
2020-12-27 18:00:00,1167,952,1029,848
2020-12-27 18:30:00,1071,955,1056,1004
2020-12-27 19:00:00,1119,942,998,1021
2020-12-27 19:30:00,1163,1000,977,1000
2020-12-27 20:00:00,1082,1010,950,1121
2020-12-27 20:30:00,1031,969,960,1303
2020-12-27 21:00:00,999,903,972,1363
2020-12-27 21:30:00,954,1021,998,1403
2020-12-27 22:00:00,922,1048,1033,1443
2020-12-27 22:30:00,875,1052,1056,1491
2020-12-27 23:00:00,858,971,1077,1534
2020-12-27 23:30:00,832,923,1117,1556
2020-12-28 00:00:00,819,906,1144,1605
2020-12-28 00:30:00,809,879,1179,1683
2020-12-28 01:00:00,793,845,1218,1706
2020-12-28 01:30:00,765,835,1241,1741
2020-12-28 02:00:00,746,830,1243,1740
2020-12-28 02:30:00,713,800,1213,1722
2020-12-28 03:00:00,685,780,1216,1717
2020-12-28 03:30:00,678,777,1216,1700
2020-12-28 04:00:00,645,761,1204,1665
2020-12-28 04:30:00,637,729,1209,1615
2020-12-28 05:00:00,622,723,1228,1613
2020-12-28 05:30:00,613,727,1239,1642
2020-12-28 06:00:00,609,728,1261,1692
2020-12-28 06:30:00,603,723,1284,1709
2020-12-28 07:00:00,632,731,1319,1721
2020-12-28 07:30:00,643,738,1327,1793
2020-12-28 08:00:00,663,813,1371,1080
2020-12-28 08:30:00,753,829,1204,1080
2020-12-28 09:00:00,920,841,935,1028
2020-12-28 09:30:00,1010,829,909,956
2020-12-28 10:00:00,1063,809,943,900
2020-12-28 10:30:00,1087,823,919,846
2020-12-28 11:00:00,1093,816,965,845
2020-12-28 11:30:00,1050,912,977,975
2020-12-28 12:00:00,1100,912,997,994
2020-12-28 12:30:00,1053,831,988,985
2020-12-28 13:00:00,1042,838,959,1091
2020-12-28 13:30:00,955,838,1001,1286
2020-12-28 14:00:00,911,838,1063,1084
2020-12-28 14:30:00,907,967,1103,970
2020-12-28 15:00:00,917,876,1043,969
2020-12-28 15:30:00,941,877,923,974
2020-12-28 16:00:00,892,868,865,919
2020-12-28 16:30:00,830,,809,843
2020-12-28 17:00:00,833,,748,779
2020-12-28 17:30:00,841,,722,742
2020-12-28 18:00:00,878,868,705,759
2020-12-28 18:30:00,862,772,785,959
2020-12-28 19:00:00,907,675,800,928
2020-12-28 19:30:00,958,687,797,901
2020-12-28 20:00:00,850,703,805,932
2020-12-28 20:30:00,816,722,856,1026
2020-12-28 21:00:00,823,687,908,1122
2020-12-28 21:30:00,797,748,931,1193
2020-12-28 22:00:00,735,844,938,1231
2020-12-28 22:30:00,696,844,999,1240
2020-12-28 23:00:00,672,851,1014,1265
2020-12-28 23:30:00,673,811,1037,1307
2020-12-29 00:00:00,682,759,1046,1341
2020-12-29 00:30:00,663,736,1063,1375
2020-12-29 01:00:00,662,704,1087,1441
2020-12-29 01:30:00,663,686,1082,1457
2020-12-29 02:00:00,642,683,1105,1496
2020-12-29 02:30:00,647,685,1142,1518
2020-12-29 03:00:00,661,701,1168,1577
2020-12-29 03:30:00,657,700,1182,1598
2020-12-29 04:00:00,648,680,1203,1636
2020-12-29 04:30:00,621,701,1222,1694
2020-12-29 05:00:00,630,712,1238,1764
2020-12-29 05:30:00,625,721,1264,1816
2020-12-29 06:00:00,604,734,1304,1836
2020-12-29 06:30:00,603,734,1344,1862
2020-12-29 07:00:00,600,715,1358,1855
2020-12-29 07:30:00,607,759,1403,1767
2020-12-29 08:00:00,622,832,1001,1326
2020-12-29 08:30:00,677,708,359,403
2020-12-29 09:00:00,670,512,366,291
2020-12-29 09:30:00,752,563,505,421
2020-12-29 10:00:00,834,564,623,666
2020-12-29 10:30:00,876,663,722,803
2020-12-29 11:00:00,852,699,851,789
2020-12-29 11:30:00,864,,836,770
2020-12-29 12:00:00,634,703,765,755
2020-12-29 12:30:00,697,703,749,742
2020-12-29 13:00:00,488,600,810,931
2020-12-29 13:30:00,418,555,846,964
2020-12-29 14:00:00,518,550,915,670
2020-12-29 14:30:00,709,570,979,707
2020-12-29 15:00:00,801,592,1020,725
2020-12-29 15:30:00,830,651,907,799
2020-12-29 16:00:00,750,710,772,777
2020-12-29 16:30:00,753,631,690,709
2020-12-29 17:00:00,780,649,670,649
2020-12-29 17:30:00,780,646,687,704
2020-12-29 18:00:00,793,647,725,788
2020-12-29 18:30:00,789,789,778,882
2020-12-29 19:00:00,840,801,813,959
2020-12-29 19:30:00,904,733,766,886
2020-12-29 20:00:00,900,734,820,846
2020-12-29 20:30:00,907,772,905,801
2020-12-29 21:00:00,848,912,980,769
2020-12-29 21:30:00,810,996,1036,724
2020-12-29 22:00:00,769,961,1069,701
2020-12-29 22:30:00,735,956,1087,681
2020-12-29 23:00:00,714,927,1111,650
2020-12-29 23:30:00,683,887,1111,599
2020-12-30 00:00:00,665,847,1128,599
2020-12-30 00:30:00,649,815,1164,579
2020-12-30 01:00:00,630,791,1182,551
2020-12-30 01:30:00,617,763,1203,539
2020-12-30 02:00:00,602,760,1216,520
2020-12-30 02:30:00,585,739,1222,497
2020-12-30 03:00:00,578,733,1223,488
2020-12-30 03:30:00,553,738,1225,475
2020-12-30 04:00:00,541,707,1246,468
2020-12-30 04:30:00,533,701,1263,452
2020-12-30 05:00:00,535,680,1271,452
2020-12-30 05:30:00,518,687,1270,442
2020-12-30 06:00:00,517,667,1282,434
2020-12-30 06:30:00,508,659,1288,417
2020-12-30 07:00:00,494,658,1287,414
2020-12-30 07:30:00,489,648,1298,411
2020-12-30 08:00:00,498,645,984,403
2020-12-30 08:30:00,584,549,500,395
2020-12-30 09:00:00,630,423,456,392
2020-12-30 09:30:00,648,466,483,389
2020-12-30 10:00:00,707,499,529,449
2020-12-30 10:30:00,790,524,562,539
2020-12-30 11:00:00,794,598,604,596
2020-12-30 11:30:00,810,689,631,670
2020-12-30 12:00:00,827,640,645,638
2020-12-30 12:30:00,894,607,663,646
2020-12-30 13:00:00,872,649,746,716
2020-12-30 13:30:00,859,680,814,730
2020-12-30 14:00:00,842,700,872,720
2020-12-30 14:30:00,707,667,913,676
2020-12-30 15:00:00,685,614,971,633
2020-12-30 15:30:00,693,593,955,628
2020-12-30 16:00:00,758,645,766,705
2020-12-30 16:30:00,793,693,709,714
2020-12-30 17:00:00,841,685,711,719
2020-12-30 17:30:00,911,748,834,845
2020-12-30 18:00:00,974,805,913,951
2020-12-30 18:30:00,1030,868,889,895
2020-12-30 19:00:00,1062,866,926,855
2020-12-30 19:30:00,1104,900,950,882
2020-12-30 20:00:00,1064,954,1003,1118
2020-12-30 20:30:00,1013,1021,1062,1250
2020-12-30 21:00:00,933,1059,1106,1325
2020-12-30 21:30:00,870,1059,1136,1391
2020-12-30 22:00:00,796,1096,1184,1428
2020-12-30 22:30:00,767,,1206,1461
2020-12-30 23:00:00,727,997,1226,1525
2020-12-30 23:30:00,693,884,1232,1582
2020-12-31 00:00:00,679,,1243,1628
2020-12-31 00:30:00,659,,1241,1674
2020-12-31 01:00:00,632,881,1244,1700
2020-12-31 01:30:00,616,881,1246,1712
2020-12-31 02:00:00,593,,1257,1742
2020-12-31 02:30:00,582,881,1245,1759
2020-12-31 03:00:00,573,881,1239,1757
2020-12-31 03:30:00,565,718,1230,1729
2020-12-31 04:00:00,550,708,1214,1692
2020-12-31 04:30:00,539,,1193,1662
2020-12-31 05:00:00,526,,1168,1635
2020-12-31 05:30:00,513,,1144,1607
2020-12-31 06:00:00,538,,1124,1556
2020-12-31 06:30:00,552,708,1121,1570
2020-12-31 07:00:00,537,708,1125,1564
2020-12-31 07:30:00,531,708,1122,1329
2020-12-31 08:00:00,524,,1107,1258
2020-12-31 08:30:00,531,708,1100,1288
2020-12-31 09:00:00,580,459,905,1085
2020-12-31 09:30:00,635,427,576,577
2020-12-31 10:00:00,640,,522,499
2020-12-31 10:30:00,654,417,537,521
2020-12-31 11:00:00,697,,553,568
2020-12-31 11:30:00,762,,577,572
2020-12-31 12:00:00,785,,603,588
2020-12-31 12:30:00,752,417,638,650
2020-12-31 13:00:00,721,,630,703
2020-12-31 13:30:00,632,556,606,679
2020-12-31 14:00:00,720,610,632,651
2020-12-31 14:30:00,736,610,632,635
2020-12-31 15:00:00,769,620,644,664
2020-12-31 15:30:00,795,620,678,693
2020-12-31 16:00:00,754,693,680,668
2020-12-31 16:30:00,680,693,613,616
2020-12-31 17:00:00,730,571,580,586
2020-12-31 17:30:00,791,569,581,565
2020-12-31 18:00:00,821,628,591,560
2020-12-31 18:30:00,849,,627,604
2020-12-31 19:00:00,966,666,678,708
2020-12-31 19:30:00,1092,745,695,714
2020-12-31 20:00:00,1094,785,758,698
2020-12-31 20:30:00,1006,873,895,1004
2020-12-31 21:00:00,973,843,962,1141
2020-12-31 21:30:00,949,813,1016,1232
2020-12-31 22:00:00,919,812,1043,1311
2020-12-31 22:30:00,894,788,1045,1378
2020-12-31 23:00:00,846,807,1068,1437
2020-12-31 23:30:00,783,901,1075,1497
2021-01-01 00:00:00,720,937,1078,1558
2021-01-01 00:30:00,669,919,1079,1633
2021-01-01 01:00:00,629,916,1068,1685
2021-01-01 01:30:00,635,,1086,1670
2021-01-01 02:00:00,656,897,1151,1415
2021-01-01 02:30:00,675,901,1199,1363
2021-01-01 03:00:00,668,864,1215,1418
2021-01-01 03:30:00,654,793,1227,1514
2021-01-01 04:00:00,646,765,1246,1576
2021-01-01 04:30:00,643,,1265,1620
2021-01-01 05:00:00,621,,1269,1681
2021-01-01 05:30:00,603,,1280,1745
2021-01-01 06:00:00,601,,1311,1799
2021-01-01 06:30:00,572,,1331,1834
2021-01-01 07:00:00,566,765,1327,1874
2021-01-01 07:30:00,555,765,1352,1894
2021-01-01 08:00:00,595,740,1339,1616
2021-01-01 08:30:00,747,916,993,1257
2021-01-01 09:00:00,724,627,433,544
2021-01-01 09:30:00,714,623,464,489
2021-01-01 10:00:00,649,692,622,603
2021-01-01 10:30:00,793,658,657,597
2021-01-01 11:00:00,935,675,684,591
2021-01-01 11:30:00,1022,728,741,587
2021-01-01 12:00:00,1067,724,751,573
2021-01-01 12:30:00,1054,799,830,554
2021-01-01 13:00:00,994,876,912,543
2021-01-01 13:30:00,968,898,995,593
2021-01-01 14:00:00,883,894,1047,799
2021-01-01 14:30:00,646,924,1091,1136
2021-01-01 15:00:00,820,989,899,1075
2021-01-01 15:30:00,985,958,904,1062
2021-01-01 16:00:00,980,947,924,1022
2021-01-01 16:30:00,944,935,862,957
2021-01-01 17:00:00,1017,887,880,920
2021-01-01 17:30:00,1101,891,1040,1116
2021-01-01 18:00:00,1182,965,1067,1157
2021-01-01 18:30:00,1213,1027,1057,1129
2021-01-01 19:00:00,1245,1015,1075,1113
2021-01-01 19:30:00,1283,1036,1072,1104
2021-01-01 20:00:00,1236,1085,1132,1110
2021-01-01 20:30:00,1156,1070,1196,1258
2021-01-01 21:00:00,1074,1044,1255,1364
2021-01-01 21:30:00,1027,999,1286,1452
2021-01-01 22:00:00,943,1045,1315,1529
2021-01-01 22:30:00,870,1050,1332,1595
2021-01-01 23:00:00,806,1010,1350,1639
2021-01-01 23:30:00,745,955,1361,1708
2021-01-02 00:00:00,726,921,1377,1760
2021-01-02 00:30:00,683,868,1387,1799
2021-01-02 01:00:00,655,804,1398,1847
2021-01-02 01:30:00,630,774,1407,1854
2021-01-02 02:00:00,607,761,1427,1896
2021-01-02 02:30:00,588,737,1432,1916
2021-01-02 03:00:00,577,722,1456,1946
2021-01-02 03:30:00,570,703,1461,1953
2021-01-02 04:00:00,555,707,1459,1984
2021-01-02 04:30:00,534,691,1459,1973
2021-01-02 05:00:00,533,675,1446,1991
2021-01-02 05:30:00,521,664,1438,1999
2021-01-02 06:00:00,515,656,1443,2017
2021-01-02 06:30:00,505,651,1449,2037
2021-01-02 07:00:00,504,653,1463,2032
2021-01-02 07:30:00,515,667,1478,1911
2021-01-02 08:00:00,539,731,1475,1646
2021-01-02 08:30:00,653,863,1283,1229
2021-01-02 09:00:00,796,677,848,841
2021-01-02 09:30:00,819,561,490,519
2021-01-02 10:00:00,840,590,643,617
2021-01-02 10:30:00,979,607,760,696
2021-01-02 11:00:00,1096,630,821,704
2021-01-02 11:30:00,1182,663,1074,702
2021-01-02 12:00:00,1215,608,1074,659
2021-01-02 12:30:00,1214,693,1001,710
2021-01-02 13:00:00,1122,891,1047,1003
2021-01-02 13:30:00,1045,1024,1108,1020
2021-01-02 14:00:00,1029,988,1165,970
2021-01-02 14:30:00,988,927,1222,978
2021-01-02 15:00:00,1114,906,1250,1060
2021-01-02 15:30:00,1221,990,1189,1139
2021-01-02 16:00:00,1186,1020,1065,1149
2021-01-02 16:30:00,1052,963,980,1066
2021-01-02 17:00:00,958,883,893,971
2021-01-02 17:30:00,896,821,816,897
2021-01-02 18:00:00,894,900,810,832
2021-01-02 18:30:00,947,1021,838,834
2021-01-02 19:00:00,1021,1027,863,848
2021-01-02 19:30:00,1125,975,901,894
2021-01-02 20:00:00,1095,923,1020,997
2021-01-02 20:30:00,1071,916,1114,1223
2021-01-02 21:00:00,1043,907,1174,1360
2021-01-02 21:30:00,954,904,1204,1476
2021-01-02 22:00:00,862,1008,1247,1550
2021-01-02 22:30:00,806,990,1284,1613
2021-01-02 23:00:00,740,933,1319,1690
2021-01-02 23:30:00,704,922,1351,1751
2021-01-03 00:00:00,695,826,1377,1821
2021-01-03 00:30:00,679,807,1381,1839
2021-01-03 01:00:00,642,767,1404,1883
2021-01-03 01:30:00,607,760,1416,1928
2021-01-03 02:00:00,588,752,1436,1965
2021-01-03 02:30:00,572,742,1437,1992
2021-01-03 03:00:00,562,714,1472,2026
2021-01-03 03:30:00,553,695,1480,2046
2021-01-03 04:00:00,554,680,1491,2058
2021-01-03 04:30:00,541,658,1512,2084
2021-01-03 05:00:00,542,658,1527,2108
2021-01-03 05:30:00,538,662,1536,2097
2021-01-03 06:00:00,534,674,1532,2094
2021-01-03 06:30:00,526,641,1550,2111
2021-01-03 07:00:00,511,663,1539,2119
2021-01-03 07:30:00,512,676,1563,2113
2021-01-03 08:00:00,555,780,1452,1423
2021-01-03 08:30:00,701,676,750,762
2021-01-03 09:00:00,777,528,423,459
2021-01-03 09:30:00,851,573,624,517
2021-01-03 10:00:00,982,640,743,601
2021-01-03 10:30:00,1064,658,873,640
2021-01-03 11:00:00,1134,711,935,762
2021-01-03 11:30:00,1245,761,951,922
2021-01-03 12:00:00,1281,805,989,982
2021-01-03 12:30:00,1271,852,1005,1019
2021-01-03 13:00:00,1177,938,1055,1057
2021-01-03 13:30:00,1056,1026,1122,1084
2021-01-03 14:00:00,761,1061,1179,997
2021-01-03 14:30:00,647,952,1233,823
2021-01-03 15:00:00,725,820,1120,771
2021-01-03 15:30:00,762,760,805,767
2021-01-03 16:00:00,691,699,702,727
2021-01-03 16:30:00,659,643,631,657
2021-01-03 17:00:00,621,588,576,611
2021-01-03 17:30:00,597,550,546,573
2021-01-03 18:00:00,674,543,539,562
2021-01-03 18:30:00,806,587,614,600
2021-01-03 19:00:00,919,622,676,647
2021-01-03 19:30:00,967,649,732,680
2021-01-03 20:00:00,997,721,829,809
2021-01-03 20:30:00,942,781,946,984
2021-01-03 21:00:00,884,872,1034,1098
2021-01-03 21:30:00,820,928,1099,1219
2021-01-03 22:00:00,763,917,1158,1314
2021-01-03 22:30:00,706,906,1199,1378
2021-01-03 23:00:00,662,848,1246,1436
2021-01-03 23:30:00,624,799,1272,1504
2021-01-04 00:00:00,608,781,1302,1569
2021-01-04 00:30:00,601,756,1327,1617
2021-01-04 01:00:00,588,722,1339,1644
2021-01-04 01:30:00,593,682,1378,1695
2021-01-04 02:00:00,569,678,1368,1745
2021-01-04 02:30:00,548,701,1377,1759
2021-01-04 03:00:00,540,694,1397,1799
2021-01-04 03:30:00,535,698,1411,1812
2021-01-04 04:00:00,540,701,1424,1810
2021-01-04 04:30:00,530,703,1429,1850
2021-01-04 05:00:00,530,698,1449,1862
2021-01-04 05:30:00,520,680,1438,1894
2021-01-04 06:00:00,503,688,1456,1920
2021-01-04 06:30:00,515,685,1472,1974
2021-01-04 07:00:00,507,685,1498,1981
2021-01-04 07:30:00,573,587,1172,1035
2021-01-04 08:00:00,627,426,528,402
2021-01-04 08:30:00,683,485,509,401
2021-01-04 09:00:00,777,539,570,404
2021-01-04 09:30:00,811,572,610,410
2021-01-04 10:00:00,806,607,630,408
2021-01-04 10:30:00,778,618,636,403
2021-01-04 11:00:00,798,607,627,397
2021-01-04 11:30:00,820,604,633,391
2021-01-04 12:00:00,904,625,683,383
2021-01-04 12:30:00,948,632,714,383
2021-01-04 13:00:00,1000,748,796,571
2021-01-04 13:30:00,957,802,872,784
2021-01-04 14:00:00,932,784,953,806
2021-01-04 14:30:00,919,761,1011,794
2021-01-04 15:00:00,911,749,1051,791
2021-01-04 15:30:00,895,772,914,774
2021-01-04 16:00:00,937,774,823,768
2021-01-04 16:30:00,907,749,786,749
2021-01-04 17:00:00,920,750,871,728
2021-01-04 17:30:00,910,767,818,723
2021-01-04 18:00:00,952,775,824,714
2021-01-04 18:30:00,975,801,818,680
2021-01-04 19:00:00,973,734,762,653
2021-01-04 19:30:00,965,738,844,703
2021-01-04 20:00:00,950,816,911,954
2021-01-04 20:30:00,1006,820,1002,1002
2021-01-04 21:00:00,1009,817,1058,1030
2021-01-04 21:30:00,969,830,1115,1156
2021-01-04 22:00:00,901,904,1145,1255
2021-01-04 22:30:00,827,955,1181,1336
2021-01-04 23:00:00,769,939,1209,1395
2021-01-04 23:30:00,715,882,1235,1454
2021-01-05 00:00:00,684,817,1253,1549
2021-01-05 00:30:00,657,779,1266,1581
2021-01-05 01:00:00,632,727,1283,1655
2021-01-05 01:30:00,593,705,1289,1697
2021-01-05 02:00:00,588,681,1314,1723
2021-01-05 02:30:00,572,675,1316,1768
2021-01-05 03:00:00,549,656,1309,1821
2021-01-05 03:30:00,558,646,1315,1848
2021-01-05 04:00:00,553,655,1308,1882
2021-01-05 04:30:00,544,652,1306,1892
2021-01-05 05:00:00,524,647,1299,1937
2021-01-05 05:30:00,524,642,1294,1962
2021-01-05 06:00:00,525,648,1294,1987
2021-01-05 06:30:00,545,627,1295,2011
2021-01-05 07:00:00,550,527,1305,2028
2021-01-05 07:30:00,572,510,830,820
2021-01-05 08:00:00,642,538,501,452
2021-01-05 08:30:00,665,528,545,540
2021-01-05 09:00:00,646,544,551,570
2021-01-05 09:30:00,658,532,545,572
2021-01-05 10:00:00,645,515,531,568
2021-01-05 10:30:00,626,515,529,553
2021-01-05 11:00:00,621,512,511,528
2021-01-05 11:30:00,665,506,518,523
2021-01-05 12:00:00,700,500,519,531
2021-01-05 12:30:00,720,531,540,537
2021-01-05 13:00:00,747,562,573,569
2021-01-05 13:30:00,741,595,627,678
2021-01-05 14:00:00,786,622,663,733
2021-01-05 14:30:00,788,660,681,755
2021-01-05 15:00:00,555,700,561,622
2021-01-05 15:30:00,560,579,400,403
2021-01-05 16:00:00,589,487,445,428
2021-01-05 16:30:00,591,449,443,442
2021-01-05 17:00:00,674,450,463,451
2021-01-05 17:30:00,714,477,505,481
2021-01-05 18:00:00,793,553,561,509
2021-01-05 18:30:00,872,606,636,546
2021-01-05 19:00:00,933,639,721,665
2021-01-05 19:30:00,941,686,805,986
2021-01-05 20:00:00,918,746,866,1264
2021-01-05 20:30:00,878,851,930,1082
2021-01-05 21:00:00,779,955,1011,1179
2021-01-05 21:30:00,724,933,1055,1264
2021-01-05 22:00:00,667,864,1073,1346
2021-01-05 22:30:00,635,827,1070,1421
2021-01-05 23:00:00,603,797,1093,1497
2021-01-05 23:30:00,591,750,1127,1547
2021-01-06 00:00:00,574,713,1136,1621
2021-01-06 00:30:00,556,698,1155,1660
2021-01-06 01:00:00,528,669,1174,1655
2021-01-06 01:30:00,527,648,1193,1710
2021-01-06 02:00:00,514,640,1194,1772
2021-01-06 02:30:00,510,624,1203,1811
2021-01-06 03:00:00,492,626,1196,1812
2021-01-06 03:30:00,492,611,1197,1820
2021-01-06 04:00:00,478,619,1210,1853
2021-01-06 04:30:00,469,612,1206,1857
2021-01-06 05:00:00,482,613,1185,1857
2021-01-06 05:30:00,478,619,1199,1875
2021-01-06 06:00:00,475,608,1200,1891
2021-01-06 06:30:00,470,612,1213,1911
2021-01-06 07:00:00,466,621,1216,1949
2021-01-06 07:30:00,470,632,1236,2032
2021-01-06 08:00:00,551,697,552,735
2021-01-06 08:30:00,603,476,360,347
2021-01-06 09:00:00,682,490,445,452
2021-01-06 09:30:00,705,569,565,595
2021-01-06 10:00:00,734,594,605,619
2021-01-06 10:30:00,757,583,621,610
2021-01-06 11:00:00,820,591,632,601
2021-01-06 11:30:00,851,611,660,586
2021-01-06 12:00:00,862,616,662,560
2021-01-06 12:30:00,877,620,636,543
2021-01-06 13:00:00,930,671,696,572
2021-01-06 13:30:00,874,722,793,770
2021-01-06 14:00:00,843,792,866,873
2021-01-06 14:30:00,833,787,957,826
2021-01-06 15:00:00,771,724,1016,796
2021-01-06 15:30:00,821,707,957,786
2021-01-06 16:00:00,795,730,809,772
2021-01-06 16:30:00,794,750,776,757
2021-01-06 17:00:00,944,732,754,728
2021-01-06 17:30:00,,,,
2021-01-06 18:00:00,,,,
2021-01-06 18:30:00,,,,
2021-01-06 19:00:00,,,,
2021-01-06 19:30:00,,,,
2021-01-06 20:00:00,,,,
2021-01-06 20:30:00,,,,
2021-01-06 21:00:00,,,,
2021-01-06 21:30:00,,,,
2021-01-06 22:00:00,,,,
2021-01-06 22:30:00,,,,
2021-01-06 23:00:00,,,,
2021-01-06 23:30:00,,,,
2021-01-07 00:00:00,,,,
2021-01-07 00:30:00,,,,
2021-01-07 01:00:00,,,,
2021-01-07 01:30:00,,,,
2021-01-07 02:00:00,,,,
2021-01-07 02:30:00,,,,
2021-01-07 03:00:00,,,,
2021-01-07 03:30:00,,,,
2021-01-07 04:00:00,,,,
2021-01-07 04:30:00,,,,
2021-01-07 05:00:00,,,,
2021-01-07 05:30:00,,,,
2021-01-07 06:00:00,,,,
2021-01-07 06:30:00,,,,
2021-01-07 07:00:00,,,,
2021-01-07 07:30:00,,,,
2021-01-07 08:00:00,,,,
2021-01-07 08:30:00,,,,
2021-01-07 09:00:00,,,,
2021-01-07 09:30:00,,,,
2021-01-07 10:00:00,,,,
2021-01-07 10:30:00,,,,
2021-01-07 11:00:00,,,,
2021-01-07 11:30:00,,,,
2021-01-07 12:00:00,,,,
2021-01-07 12:30:00,,,,
2021-01-07 13:00:00,,,,
2021-01-07 13:30:00,,,,
2021-01-07 14:00:00,,,,
2021-01-07 14:30:00,,,,
2021-01-07 15:00:00,,,,
2021-01-07 15:30:00,,,,
2021-01-07 16:00:00,,,,
2021-01-07 16:30:00,,,,
2021-01-07 17:00:00,,,,
2021-01-07 17:30:00,,,,
2021-01-07 18:00:00,,,,
2021-01-07 18:30:00,,,,
2021-01-07 19:00:00,,,,
2021-01-07 19:30:00,,,,
2021-01-07 20:00:00,,,,
2021-01-07 20:30:00,,,,
2021-01-07 21:00:00,,,,
2021-01-07 21:30:00,,,,
2021-01-07 22:00:00,,,,
2021-01-07 22:30:00,,,,
2021-01-07 23:00:00,,,,
2021-01-07 23:30:00,,,,
2021-01-08 00:00:00,,,,
2021-01-08 00:30:00,,,,
2021-01-08 01:00:00,,,,
2021-01-08 01:30:00,,,,
2021-01-08 02:00:00,,,,
2021-01-08 02:30:00,,,,
2021-01-08 03:00:00,,,,
2021-01-08 03:30:00,,,,
2021-01-08 04:00:00,,,,
2021-01-08 04:30:00,,,,
2021-01-08 05:00:00,,,,
2021-01-08 05:30:00,,,,
2021-01-08 06:00:00,,,,
2021-01-08 06:30:00,,,,
2021-01-08 07:00:00,,,,
2021-01-08 07:30:00,,,,
2021-01-08 08:00:00,,,,
2021-01-08 08:30:00,,,,
2021-01-08 09:00:00,,,,
2021-01-08 09:30:00,,,,
2021-01-08 10:00:00,,,,
2021-01-08 10:30:00,,,,
2021-01-08 11:00:00,,,,
2021-01-08 11:30:00,,,,
2021-01-08 12:00:00,,,,
2021-01-08 12:30:00,,,,
2021-01-08 13:00:00,,,,
2021-01-08 13:30:00,,,,
2021-01-08 14:00:00,,,,
2021-01-08 14:30:00,,,,
2021-01-08 15:00:00,,,,
2021-01-08 15:30:00,,,,
2021-01-08 16:00:00,,,,
2021-01-08 16:30:00,,,,
2021-01-08 17:00:00,,,,
2021-01-08 17:30:00,,,,
2021-01-08 18:00:00,,,,
2021-01-08 18:30:00,,,,
2021-01-08 19:00:00,,,,
2021-01-08 19:30:00,,,,
2021-01-08 20:00:00,,,,
2021-01-08 20:30:00,,,,
2021-01-08 21:00:00,,,,
2021-01-08 21:30:00,,,,
2021-01-08 22:00:00,,,,
2021-01-08 22:30:00,,,,
2021-01-08 23:00:00,,,,
2021-01-08 23:30:00,,,,
2021-01-09 00:00:00,,,,
2021-01-09 00:30:00,,,,
2021-01-09 01:00:00,,,,
2021-01-09 01:30:00,,,,
2021-01-09 02:00:00,,,,
2021-01-09 02:30:00,,,,
2021-01-09 03:00:00,,,,
2021-01-09 03:30:00,,,,
2021-01-09 04:00:00,,,,
2021-01-09 04:30:00,,,,
2021-01-09 05:00:00,,,,
2021-01-09 05:30:00,,,,
2021-01-09 06:00:00,,,,
2021-01-09 06:30:00,,,,
2021-01-09 07:00:00,,,,
2021-01-09 07:30:00,,,,
2021-01-09 08:00:00,,,,
2021-01-09 08:30:00,,,,
2021-01-09 09:00:00,,,,
2021-01-09 09:30:00,,,,
2021-01-09 10:00:00,,,,
2021-01-09 10:30:00,,,,
2021-01-09 11:00:00,,,,
2021-01-09 11:30:00,,,,
2021-01-09 12:00:00,,,,
2021-01-09 12:30:00,,,,
2021-01-09 13:00:00,,,,
2021-01-09 13:30:00,,,,
2021-01-09 14:00:00,,,,
2021-01-09 14:30:00,,,,
2021-01-09 15:00:00,,,,
2021-01-09 15:30:00,,,,
2021-01-09 16:00:00,,,,
2021-01-09 16:30:00,,,,
2021-01-09 17:00:00,,,,
2021-01-09 17:30:00,,,,
2021-01-09 18:00:00,,,,
2021-01-09 18:30:00,,,,
2021-01-09 19:00:00,,,,
2021-01-09 19:30:00,,,,
2021-01-09 20:00:00,,,,
2021-01-09 20:30:00,,,,
2021-01-09 21:00:00,,,,
2021-01-09 21:30:00,,,,
2021-01-09 22:00:00,,,,
2021-01-09 22:30:00,,,,
2021-01-09 23:00:00,,,,
2021-01-09 23:30:00,,,,
2021-01-10 00:00:00,,,,
2021-01-10 00:30:00,,,,
2021-01-10 01:00:00,,,,
2021-01-10 01:30:00,,,,
2021-01-10 02:00:00,,,,
2021-01-10 02:30:00,,,,
2021-01-10 03:00:00,,,,
2021-01-10 03:30:00,,,,
2021-01-10 04:00:00,,,,
2021-01-10 04:30:00,,,,
2021-01-10 05:00:00,,,,
2021-01-10 05:30:00,,,,
2021-01-10 06:00:00,,,,
2021-01-10 06:30:00,,,,
2021-01-10 07:00:00,,,,
2021-01-10 07:30:00,,,,
2021-01-10 08:00:00,,,,
2021-01-10 08:30:00,,,,
2021-01-10 09:00:00,,,,
2021-01-10 09:30:00,,,,
2021-01-10 10:00:00,,,,
2021-01-10 10:30:00,,,,
2021-01-10 11:00:00,,,,
2021-01-10 11:30:00,,,,
2021-01-10 12:00:00,,,,
2021-01-10 12:30:00,,,,
2021-01-10 13:00:00,,,,
2021-01-10 13:30:00,,,,
2021-01-10 14:00:00,,,,
2021-01-10 14:30:00,,,,
2021-01-10 15:00:00,,,,
2021-01-10 15:30:00,,,,
2021-01-10 16:00:00,,,,
2021-01-10 16:30:00,,,,
2021-01-10 17:00:00,,,,
2021-01-10 17:30:00,,,,
2021-01-10 18:00:00,,,,
2021-01-10 18:30:00,,,,
2021-01-10 19:00:00,,,,
2021-01-10 19:30:00,,,,
2021-01-10 20:00:00,,,,
2021-01-10 20:30:00,,,,
2021-01-10 21:00:00,,,,
2021-01-10 21:30:00,,,,
2021-01-10 22:00:00,,,,
2021-01-10 22:30:00,,,,
2021-01-10 23:00:00,,,,
2021-01-10 23:30:00,,,,
2021-01-11 00:00:00,,,,
2021-01-11 00:30:00,,,,
2021-01-11 01:00:00,,,,
2021-01-11 01:30:00,,,,
2021-01-11 02:00:00,,,,
2021-01-11 02:30:00,,,,
2021-01-11 03:00:00,,,,
2021-01-11 03:30:00,,,,
2021-01-11 04:00:00,,,,
2021-01-11 04:30:00,,,,
2021-01-11 05:00:00,,,,
2021-01-11 05:30:00,,,,
2021-01-11 06:00:00,,,,
2021-01-11 06:30:00,,,,
2021-01-11 07:00:00,,,,
2021-01-11 07:30:00,,,,
2021-01-11 08:00:00,,,,
2021-01-11 08:30:00,,,,
2021-01-11 09:00:00,,,,
2021-01-11 09:30:00,,,,
2021-01-11 10:00:00,,,,
2021-01-11 10:30:00,,,,
2021-01-11 11:00:00,,,,
2021-01-11 11:30:00,,,,
2021-01-11 12:00:00,,,,
2021-01-11 12:30:00,,,,
2021-01-11 13:00:00,,,,
2021-01-11 13:30:00,,,,
2021-01-11 14:00:00,,,,
2021-01-11 14:30:00,,,,
2021-01-11 15:00:00,,,,
2021-01-11 15:30:00,,,,
2021-01-11 16:00:00,,,,
2021-01-11 16:30:00,,,,
2021-01-11 17:00:00,,,,
2021-01-11 17:30:00,,,,
2021-01-11 18:00:00,,,,
2021-01-11 18:30:00,,,,
2021-01-11 19:00:00,,,,
2021-01-11 19:30:00,,,,
2021-01-11 20:00:00,,,,
2021-01-11 20:30:00,,,,
2021-01-11 21:00:00,,,,
2021-01-11 21:30:00,,,,
2021-01-11 22:00:00,,,,
2021-01-11 22:30:00,,,,
2021-01-11 23:00:00,,,,
2021-01-11 23:30:00,,,,
2021-01-12 00:00:00,,,,
2021-01-12 00:30:00,,,,
2021-01-12 01:00:00,,,,
2021-01-12 01:30:00,,,,
2021-01-12 02:00:00,,,,
2021-01-12 02:30:00,,,,
2021-01-12 03:00:00,,,,
2021-01-12 03:30:00,,,,
2021-01-12 04:00:00,,,,
2021-01-12 04:30:00,,,,
2021-01-12 05:00:00,,,,
2021-01-12 05:30:00,,,,
2021-01-12 06:00:00,,,,
2021-01-12 06:30:00,,,,
2021-01-12 07:00:00,,,,
2021-01-12 07:30:00,,,,
2021-01-12 08:00:00,,,,
2021-01-12 08:30:00,,,,
2021-01-12 09:00:00,,,,
2021-01-12 09:30:00,,,,
2021-01-12 10:00:00,,,,
2021-01-12 10:30:00,,,,
2021-01-12 11:00:00,,,,
2021-01-12 11:30:00,,,,
2021-01-12 12:00:00,,,,
2021-01-12 12:30:00,,,,
2021-01-12 13:00:00,,,,
2021-01-12 13:30:00,,,,
2021-01-12 14:00:00,,,,
2021-01-12 14:30:00,,,,
2021-01-12 15:00:00,,,,
2021-01-12 15:30:00,,,,
2021-01-12 16:00:00,,,,
2021-01-12 16:30:00,,,,
2021-01-12 17:00:00,,,,
2021-01-12 17:30:00,,,,
2021-01-12 18:00:00,,,,
2021-01-12 18:30:00,,,,
2021-01-12 19:00:00,,,,
2021-01-12 19:30:00,,,,
2021-01-12 20:00:00,,,,
2021-01-12 20:30:00,,,,
2021-01-12 21:00:00,,,,
2021-01-12 21:30:00,,,,
2021-01-12 22:00:00,,,,
2021-01-12 22:30:00,,,,
2021-01-12 23:00:00,,,,
2021-01-12 23:30:00,,,,
2021-01-13 00:00:00,,,,
2021-01-13 00:30:00,,,,
2021-01-13 01:00:00,,,,
2021-01-13 01:30:00,,,,
2021-01-13 02:00:00,,,,
2021-01-13 02:30:00,,,,
2021-01-13 03:00:00,,,,
2021-01-13 03:30:00,,,,
2021-01-13 04:00:00,,,,
2021-01-13 04:30:00,,,,
2021-01-13 05:00:00,,,,
2021-01-13 05:30:00,,,,
2021-01-13 06:00:00,,,,
2021-01-13 06:30:00,,,,
2021-01-13 07:00:00,,,,
2021-01-13 07:30:00,,,,
2021-01-13 08:00:00,,,,
2021-01-13 08:30:00,,,,
2021-01-13 09:00:00,,,,
2021-01-13 09:30:00,,,,
2021-01-13 10:00:00,,,,
2021-01-13 10:30:00,,,,
2021-01-13 11:00:00,,,,
2021-01-13 11:30:00,,,,
2021-01-13 12:00:00,,,,
2021-01-13 12:30:00,,,,
2021-01-13 13:00:00,,,,
2021-01-13 13:30:00,,,,
2021-01-13 14:00:00,,,,
2021-01-13 14:30:00,,,,
2021-01-13 15:00:00,,,,
2021-01-13 15:30:00,,,,
2021-01-13 16:00:00,,,,
2021-01-13 16:30:00,,,,
2021-01-13 17:00:00,,,,
2021-01-13 17:30:00,,,,
2021-01-13 18:00:00,,,,
2021-01-13 18:30:00,,,,
2021-01-13 19:00:00,,,,
2021-01-13 19:30:00,,,,
2021-01-13 20:00:00,,,,
2021-01-13 20:30:00,,,,
2021-01-13 21:00:00,,,,
2021-01-13 21:30:00,,,,
2021-01-13 22:00:00,,,,
2021-01-13 22:30:00,,,,
2021-01-13 23:00:00,,,,
2021-01-13 23:30:00,,,,
2021-01-14 00:00:00,,,,
2021-01-14 00:30:00,,,,
2021-01-14 01:00:00,,,,
2021-01-14 01:30:00,,,,
2021-01-14 02:00:00,,,,
2021-01-14 02:30:00,,,,
2021-01-14 03:00:00,,,,
2021-01-14 03:30:00,,,,
2021-01-14 04:00:00,,,,
2021-01-14 04:30:00,,,,
2021-01-14 05:00:00,,,,
2021-01-14 05:30:00,,,,
2021-01-14 06:00:00,,,,
2021-01-14 06:30:00,,,,
2021-01-14 07:00:00,,,,
2021-01-14 07:30:00,,,,
2021-01-14 08:00:00,,,,
2021-01-14 08:30:00,,,,
2021-01-14 09:00:00,,,,
2021-01-14 09:30:00,,,,
2021-01-14 10:00:00,,,,
2021-01-14 10:30:00,,,,
2021-01-14 11:00:00,,,,
2021-01-14 11:30:00,,,,
2021-01-14 12:00:00,,,,
2021-01-14 12:30:00,,,,
2021-01-14 13:00:00,,,,
2021-01-14 13:30:00,,,,
2021-01-14 14:00:00,,,,
2021-01-14 14:30:00,,,,
2021-01-14 15:00:00,,,,
2021-01-14 15:30:00,,,,
2021-01-14 16:00:00,,,,
2021-01-14 16:30:00,,,,
2021-01-14 17:00:00,,,,
2021-01-14 17:30:00,816,474,537,485
2021-01-14 18:00:00,820,507,534,631
2021-01-14 18:30:00,902,609,528,828
2021-01-14 19:00:00,984,700,531,903
2021-01-14 19:30:00,1051,737,529,928
2021-01-14 20:00:00,1011,768,758,907
2021-01-14 20:30:00,934,775,938,965
2021-01-14 21:00:00,872,733,1043,1060
2021-01-14 21:30:00,854,689,1113,1146
2021-01-14 22:00:00,830,674,1182,1243
2021-01-14 22:30:00,759,710,1211,1324
2021-01-14 23:00:00,707,723,1251,1378
2021-01-14 23:30:00,669,683,1301,1447
2021-01-15 00:00:00,636,656,1340,1499
2021-01-15 00:30:00,623,624,1362,1536
2021-01-15 01:00:00,608,595,1391,1615
2021-01-15 01:30:00,601,583,1424,1691
2021-01-15 02:00:00,569,572,1450,1711
2021-01-15 02:30:00,559,574,1479,1729
2021-01-15 03:00:00,553,544,1512,1751
2021-01-15 03:30:00,538,543,1530,1788
2021-01-15 04:00:00,554,524,1544,1818
2021-01-15 04:30:00,542,524,1566,1839
2021-01-15 05:00:00,540,523,1601,1868
2021-01-15 05:30:00,535,527,1605,1868
2021-01-15 06:00:00,533,522,1630,1881
2021-01-15 06:30:00,524,559,1643,1624
2021-01-15 07:00:00,530,579,1670,1456
2021-01-15 07:30:00,559,558,1554,1313
2021-01-15 08:00:00,731,668,1067,990
2021-01-15 08:30:00,728,714,811,670
2021-01-15 09:00:00,679,709,700,634
2021-01-15 09:30:00,684,687,637,611
2021-01-15 10:00:00,681,662,618,596
2021-01-15 10:30:00,676,636,608,586
2021-01-15 11:00:00,682,639,588,570
2021-01-15 11:30:00,697,628,580,578
2021-01-15 12:00:00,683,635,583,572
2021-01-15 12:30:00,681,629,596,581
2021-01-15 13:00:00,684,620,597,582
2021-01-15 13:30:00,723,588,604,587
2021-01-15 14:00:00,699,628,605,603
2021-01-15 14:30:00,685,695,606,604
2021-01-15 15:00:00,672,727,605,596
2021-01-15 15:30:00,657,743,589,583
2021-01-15 16:00:00,665,693,599,582
2021-01-15 16:30:00,678,610,610,603
2021-01-15 17:00:00,692,618,607,597
2021-01-15 17:30:00,756,676,661,620
2021-01-15 18:00:00,810,725,762,646
2021-01-15 18:30:00,895,722,740,690
2021-01-15 19:00:00,992,710,793,676
2021-01-15 19:30:00,1075,762,859,682
2021-01-15 20:00:00,1027,881,971,870
2021-01-15 20:30:00,952,909,1084,1077
2021-01-15 21:00:00,908,889,1168,1173
2021-01-15 21:30:00,884,832,1222,1287
2021-01-15 22:00:00,906,775,1275,1388
2021-01-15 22:30:00,862,832,1325,1471
2021-01-15 23:00:00,788,869,1379,1536
2021-01-15 23:30:00,729,840,1429,1619
2021-01-16 00:00:00,691,804,1472,1652
2021-01-16 00:30:00,633,773,1512,1679
2021-01-16 01:00:00,588,743,1557,1726
2021-01-16 01:30:00,570,711,1582,1774
2021-01-16 02:00:00,548,683,1598,1792
2021-01-16 02:30:00,521,658,1634,1824
2021-01-16 03:00:00,527,646,1652,1835
2021-01-16 03:30:00,517,632,1676,1841
2021-01-16 04:00:00,510,609,1705,1841
2021-01-16 04:30:00,517,605,1710,1852
2021-01-16 05:00:00,513,616,1719,1866
2021-01-16 05:30:00,490,613,1722,1890
2021-01-16 06:00:00,493,619,1750,1890
2021-01-16 06:30:00,518,654,1754,1671
2021-01-16 07:00:00,499,641,1774,1594
2021-01-16 07:30:00,502,633,1800,1644
2021-01-16 08:00:00,521,650,1673,1544
2021-01-16 08:30:00,750,785,1213,1198
2021-01-16 09:00:00,885,705,922,850
2021-01-16 09:30:00,826,498,537,518
2021-01-16 10:00:00,837,522,660,814
2021-01-16 10:30:00,847,588,737,768
2021-01-16 11:00:00,857,627,738,721
2021-01-16 11:30:00,856,701,750,714
2021-01-16 12:00:00,852,637,739,699
2021-01-16 12:30:00,887,629,757,736
2021-01-16 13:00:00,851,734,851,927
2021-01-16 13:30:00,823,801,950,919
2021-01-16 14:00:00,807,817,1043,897
2021-01-16 14:30:00,884,826,1114,977
2021-01-16 15:00:00,945,882,1194,919
2021-01-16 15:30:00,976,891,1178,901
2021-01-16 16:00:00,870,879,1007,895
2021-01-16 16:30:00,791,818,823,838
2021-01-16 17:00:00,787,753,771,771
2021-01-16 17:30:00,910,714,823,733
2021-01-16 18:00:00,918,739,880,908
2021-01-16 18:30:00,964,919,925,1012
2021-01-16 19:00:00,988,1008,943,1004
2021-01-16 19:30:00,1046,895,923,936

